Ref,Val,Package,PosX,PosY,Rot,Side
"C1","1uF","C_0603_1608Metric_Pad1.05x0.95mm_HandSolder",150.800000,-47.200000,270.000000,top
"C2","1uF","C_0603_1608Metric_Pad1.05x0.95mm_HandSolder",150.000000,-121.200000,90.000000,top
"C3","10uF X5R 0805","C_0805_2012Metric_Pad1.15x1.40mm_HandSolder",160.300000,-48.800000,90.000000,top
"C4","1uF","C_0603_1608Metric_Pad1.05x0.95mm_HandSolder",173.900000,-53.600000,0.000000,top
"C5","10nF 50V X7R 0603","C_0603_1608Metric_Pad1.05x0.95mm_HandSolder",162.200000,-51.650000,0.000000,top
"C6","1uF","C_0603_1608Metric_Pad1.05x0.95mm_HandSolder",173.900000,-47.600000,0.000000,top
"C7","100nF","C_0603_1608Metric_Pad1.05x0.95mm_HandSolder",192.900000,-51.550000,90.000000,top
"C8","100nF","C_0603_1608Metric_Pad1.05x0.95mm_HandSolder",188.900000,-48.550000,180.000000,top
"C9","100nF","C_0603_1608Metric_Pad1.05x0.95mm_HandSolder",178.000000,-53.600000,0.000000,top
"C10","100nF","C_0603_1608Metric_Pad1.05x0.95mm_HandSolder",185.000000,-49.400000,90.000000,top
"C11","100nF","C_0603_1608Metric_Pad1.05x0.95mm_HandSolder",192.900000,-61.550000,90.000000,top
"C12","100nF","C_0603_1608Metric_Pad1.05x0.95mm_HandSolder",188.900000,-58.550000,180.000000,top
"C13","10nF 50V X7R 0603","C_0603_1608Metric_Pad1.05x0.95mm_HandSolder",166.000000,-51.650000,0.000000,top
"C14","10uF X5R 0805","C_0805_2012Metric_Pad1.15x1.40mm_HandSolder",168.900000,-48.600000,90.000000,top
"C15","100nF","C_0603_1608Metric_Pad1.05x0.95mm_HandSolder",146.325000,-86.100000,0.000000,top
"C16","100nF","C_0603_1608Metric_Pad1.05x0.95mm_HandSolder",178.000000,-63.600000,0.000000,top
"C17","100nF","C_0603_1608Metric_Pad1.05x0.95mm_HandSolder",185.000000,-59.400000,90.000000,top
"C18","100nF","C_0603_1608Metric_Pad1.05x0.95mm_HandSolder",192.900000,-71.550000,90.000000,top
"C19","100nF","C_0603_1608Metric_Pad1.05x0.95mm_HandSolder",188.900000,-68.550000,180.000000,top
"C20","100nF","C_0603_1608Metric_Pad1.05x0.95mm_HandSolder",178.000000,-73.600000,0.000000,top
"C21","100nF","C_0603_1608Metric_Pad1.05x0.95mm_HandSolder",185.000000,-69.400000,90.000000,top
"C22","100nF","C_0603_1608Metric_Pad1.05x0.95mm_HandSolder",192.900000,-81.550000,90.000000,top
"C23","100nF","C_0603_1608Metric_Pad1.05x0.95mm_HandSolder",188.900000,-78.550000,180.000000,top
"C24","100nF","C_0603_1608Metric_Pad1.05x0.95mm_HandSolder",178.000000,-83.600000,0.000000,top
"C25","100nF","C_0603_1608Metric_Pad1.05x0.95mm_HandSolder",185.000000,-79.400000,90.000000,top
"C26","100nF","C_0603_1608Metric_Pad1.05x0.95mm_HandSolder",192.900000,-91.550000,90.000000,top
"C27","100nF","C_0603_1608Metric_Pad1.05x0.95mm_HandSolder",188.900000,-88.550000,180.000000,top
"C28","100nF","C_0603_1608Metric_Pad1.05x0.95mm_HandSolder",178.000000,-93.600000,0.000000,top
"C29","100nF","C_0603_1608Metric_Pad1.05x0.95mm_HandSolder",185.000000,-89.400000,90.000000,top
"C30","100nF","C_0603_1608Metric_Pad1.05x0.95mm_HandSolder",192.900000,-101.550000,90.000000,top
"C31","100nF","C_0603_1608Metric_Pad1.05x0.95mm_HandSolder",188.900000,-98.550000,180.000000,top
"C32","100nF","C_0603_1608Metric_Pad1.05x0.95mm_HandSolder",178.000000,-103.600000,0.000000,top
"C33","100nF","C_0603_1608Metric_Pad1.05x0.95mm_HandSolder",185.000000,-99.400000,90.000000,top
"C34","100nF","C_0603_1608Metric_Pad1.05x0.95mm_HandSolder",192.900000,-111.550000,90.000000,top
"C35","100nF","C_0603_1608Metric_Pad1.05x0.95mm_HandSolder",188.900000,-108.550000,180.000000,top
"C36","100nF","C_0603_1608Metric_Pad1.05x0.95mm_HandSolder",178.000000,-113.600000,0.000000,top
"C37","100nF","C_0603_1608Metric_Pad1.05x0.95mm_HandSolder",185.000000,-109.400000,90.000000,top
"C38","100nF","C_0603_1608Metric_Pad1.05x0.95mm_HandSolder",192.900000,-121.550000,90.000000,top
"C39","100nF","C_0603_1608Metric_Pad1.05x0.95mm_HandSolder",188.900000,-118.550000,180.000000,top
"C40","100nF","C_0603_1608Metric_Pad1.05x0.95mm_HandSolder",178.000000,-123.600000,0.000000,top
"C41","100nF","C_0603_1608Metric_Pad1.05x0.95mm_HandSolder",185.000000,-119.400000,90.000000,top
"C42","100nF","C_0603_1608Metric_Pad1.05x0.95mm_HandSolder",150.600000,-69.100000,270.000000,top
"C43","100nF","C_0603_1608Metric_Pad1.05x0.95mm_HandSolder",148.600000,-69.100000,270.000000,top
"C44","100nF","C_0603_1608Metric_Pad1.05x0.95mm_HandSolder",150.000000,-52.300000,180.000000,top
"C45","100nF","C_0603_1608Metric_Pad1.05x0.95mm_HandSolder",150.000000,-62.300000,180.000000,top
"C46","10uF X5R 0805","C_0805_2012Metric_Pad1.15x1.40mm_HandSolder",160.300000,-58.800000,90.000000,top
"C47","1uF","C_0603_1608Metric_Pad1.05x0.95mm_HandSolder",173.900000,-63.600000,0.000000,top
"C48","10nF 50V X7R 0603","C_0603_1608Metric_Pad1.05x0.95mm_HandSolder",162.200000,-61.650000,0.000000,top
"C49","1uF","C_0603_1608Metric_Pad1.05x0.95mm_HandSolder",173.900000,-57.600000,0.000000,top
"C50","10nF 50V X7R 0603","C_0603_1608Metric_Pad1.05x0.95mm_HandSolder",166.000000,-61.650000,0.000000,top
"C51","10uF X5R 0805","C_0805_2012Metric_Pad1.15x1.40mm_HandSolder",168.900000,-58.600000,90.000000,top
"C52","10uF X5R 0805","C_0805_2012Metric_Pad1.15x1.40mm_HandSolder",160.300000,-68.800000,90.000000,top
"C53","1uF","C_0603_1608Metric_Pad1.05x0.95mm_HandSolder",173.900000,-73.600000,0.000000,top
"C54","10nF 50V X7R 0603","C_0603_1608Metric_Pad1.05x0.95mm_HandSolder",162.200000,-71.650000,0.000000,top
"C55","1uF","C_0603_1608Metric_Pad1.05x0.95mm_HandSolder",173.900000,-67.600000,0.000000,top
"C56","10nF 50V X7R 0603","C_0603_1608Metric_Pad1.05x0.95mm_HandSolder",166.000000,-71.650000,0.000000,top
"C57","10uF X5R 0805","C_0805_2012Metric_Pad1.15x1.40mm_HandSolder",168.900000,-68.600000,90.000000,top
"C58","10uF X5R 0805","C_0805_2012Metric_Pad1.15x1.40mm_HandSolder",160.300000,-78.800000,90.000000,top
"C59","1uF","C_0603_1608Metric_Pad1.05x0.95mm_HandSolder",173.900000,-83.600000,0.000000,top
"C60","10nF 50V X7R 0603","C_0603_1608Metric_Pad1.05x0.95mm_HandSolder",162.200000,-81.650000,0.000000,top
"C61","1uF","C_0603_1608Metric_Pad1.05x0.95mm_HandSolder",173.900000,-77.600000,0.000000,top
"C62","10nF 50V X7R 0603","C_0603_1608Metric_Pad1.05x0.95mm_HandSolder",166.000000,-81.650000,0.000000,top
"C63","10uF X5R 0805","C_0805_2012Metric_Pad1.15x1.40mm_HandSolder",168.900000,-78.600000,90.000000,top
"C64","10uF X5R 0805","C_0805_2012Metric_Pad1.15x1.40mm_HandSolder",160.300000,-88.800000,90.000000,top
"C65","1uF","C_0603_1608Metric_Pad1.05x0.95mm_HandSolder",173.900000,-93.600000,0.000000,top
"C66","10nF 50V X7R 0603","C_0603_1608Metric_Pad1.05x0.95mm_HandSolder",162.200000,-91.650000,0.000000,top
"C67","1uF","C_0603_1608Metric_Pad1.05x0.95mm_HandSolder",173.900000,-87.600000,0.000000,top
"C68","10nF 50V X7R 0603","C_0603_1608Metric_Pad1.05x0.95mm_HandSolder",166.000000,-91.650000,0.000000,top
"C69","10uF X5R 0805","C_0805_2012Metric_Pad1.15x1.40mm_HandSolder",168.900000,-88.600000,90.000000,top
"C70","10uF X5R 0805","C_0805_2012Metric_Pad1.15x1.40mm_HandSolder",160.300000,-98.800000,90.000000,top
"C71","1uF","C_0603_1608Metric_Pad1.05x0.95mm_HandSolder",173.900000,-103.600000,0.000000,top
"C72","10nF 50V X7R 0603","C_0603_1608Metric_Pad1.05x0.95mm_HandSolder",162.200000,-101.650000,0.000000,top
"C73","1uF","C_0603_1608Metric_Pad1.05x0.95mm_HandSolder",173.900000,-97.600000,0.000000,top
"C74","10nF 50V X7R 0603","C_0603_1608Metric_Pad1.05x0.95mm_HandSolder",166.000000,-101.650000,0.000000,top
"C75","10uF X5R 0805","C_0805_2012Metric_Pad1.15x1.40mm_HandSolder",168.900000,-98.600000,90.000000,top
"C76","10uF X5R 0805","C_0805_2012Metric_Pad1.15x1.40mm_HandSolder",160.300000,-108.800000,90.000000,top
"C77","1uF","C_0603_1608Metric_Pad1.05x0.95mm_HandSolder",173.900000,-113.600000,0.000000,top
"C78","10nF 50V X7R 0603","C_0603_1608Metric_Pad1.05x0.95mm_HandSolder",162.200000,-111.650000,0.000000,top
"C79","1uF","C_0603_1608Metric_Pad1.05x0.95mm_HandSolder",173.900000,-107.600000,0.000000,top
"C80","10nF 50V X7R 0603","C_0603_1608Metric_Pad1.05x0.95mm_HandSolder",166.000000,-111.650000,0.000000,top
"C81","10uF X5R 0805","C_0805_2012Metric_Pad1.15x1.40mm_HandSolder",168.900000,-108.600000,90.000000,top
"C82","10uF X5R 0805","C_0805_2012Metric_Pad1.15x1.40mm_HandSolder",160.300000,-118.800000,90.000000,top
"C83","1uF","C_0603_1608Metric_Pad1.05x0.95mm_HandSolder",173.900000,-123.600000,0.000000,top
"C84","10nF 50V X7R 0603","C_0603_1608Metric_Pad1.05x0.95mm_HandSolder",162.200000,-121.650000,0.000000,top
"C85","1uF","C_0603_1608Metric_Pad1.05x0.95mm_HandSolder",173.900000,-117.600000,0.000000,top
"C86","10nF 50V X7R 0603","C_0603_1608Metric_Pad1.05x0.95mm_HandSolder",166.000000,-121.650000,0.000000,top
"C87","10uF X5R 0805","C_0805_2012Metric_Pad1.15x1.40mm_HandSolder",168.900000,-118.600000,90.000000,top
"C88","1uF","C_0603_1608Metric_Pad1.05x0.95mm_HandSolder",144.800000,-114.000000,270.000000,top
"C89","1uF","C_0603_1608Metric_Pad1.05x0.95mm_HandSolder",151.000000,-114.100000,270.000000,top
"C90","100nF","C_0603_1608Metric_Pad1.05x0.95mm_HandSolder",149.800000,-94.200000,180.000000,top
"C91","100nF","C_0603_1608Metric_Pad1.05x0.95mm_HandSolder",149.800000,-103.800000,180.000000,top
"D1","5.6V zener","D_SOD-323",148.800000,-109.400000,180.000000,top
"F1","Polyfuse","Fuse_0603_1608Metric_Pad1.05x0.95mm_HandSolder",157.500000,-50.000000,180.000000,top
"F2","Polyfuse","Fuse_0603_1608Metric_Pad1.05x0.95mm_HandSolder",170.500000,-53.600000,180.000000,top
"F3","Polyfuse","Fuse_0603_1608Metric_Pad1.05x0.95mm_HandSolder",157.500000,-60.000000,180.000000,top
"F4","Polyfuse","Fuse_0603_1608Metric_Pad1.05x0.95mm_HandSolder",170.500000,-63.600000,180.000000,top
"F5","Polyfuse","Fuse_0603_1608Metric_Pad1.05x0.95mm_HandSolder",157.500000,-70.000000,180.000000,top
"F6","Polyfuse","Fuse_0603_1608Metric_Pad1.05x0.95mm_HandSolder",170.500000,-73.600000,180.000000,top
"F7","Polyfuse","Fuse_0603_1608Metric_Pad1.05x0.95mm_HandSolder",157.500000,-80.000000,180.000000,top
"F8","Polyfuse","Fuse_0603_1608Metric_Pad1.05x0.95mm_HandSolder",170.500000,-83.600000,180.000000,top
"F9","Polyfuse","Fuse_0603_1608Metric_Pad1.05x0.95mm_HandSolder",157.500000,-90.000000,180.000000,top
"F10","Polyfuse","Fuse_0603_1608Metric_Pad1.05x0.95mm_HandSolder",170.500000,-93.600000,180.000000,top
"F11","Polyfuse","Fuse_0603_1608Metric_Pad1.05x0.95mm_HandSolder",157.500000,-100.000000,180.000000,top
"F12","Polyfuse","Fuse_0603_1608Metric_Pad1.05x0.95mm_HandSolder",170.500000,-103.600000,180.000000,top
"F13","Polyfuse","Fuse_0603_1608Metric_Pad1.05x0.95mm_HandSolder",157.500000,-110.000000,180.000000,top
"F14","Polyfuse","Fuse_0603_1608Metric_Pad1.05x0.95mm_HandSolder",170.500000,-113.600000,180.000000,top
"F15","Polyfuse","Fuse_0603_1608Metric_Pad1.05x0.95mm_HandSolder",157.500000,-120.000000,180.000000,top
"F16","Polyfuse","Fuse_0603_1608Metric_Pad1.05x0.95mm_HandSolder",170.500000,-123.600000,180.000000,top
"F17","Polyfuse","Fuse_0603_1608Metric_Pad1.05x0.95mm_HandSolder",143.000000,-114.600000,270.000000,top
"FB1","BLM18PG181SN1D","L_0603_1608Metric_Pad1.05x0.95mm_HandSolder",148.100000,-46.300000,180.000000,top
"FB2","BLM18PG181SN1D","L_0603_1608Metric_Pad1.05x0.95mm_HandSolder",147.600000,-121.200000,90.000000,top
"IC1","AD8276","MSOP-8_3x3mm_P0.65mm",180.900000,-50.950000,0.000000,top
"IC2","OPA376xxDBVR","SOT-23-5",189.800000,-51.750000,270.000000,top
"IC3","OPA376xxDBVR","SOT-23-5",145.720000,-89.220000,0.000000,top
"IC4","AD8276","MSOP-8_3x3mm_P0.65mm",180.900000,-60.950000,0.000000,top
"IC5","OPA376xxDBVR","SOT-23-5",189.800000,-61.750000,270.000000,top
"IC6","AD8276","MSOP-8_3x3mm_P0.65mm",180.900000,-70.950000,0.000000,top
"IC7","OPA376xxDBVR","SOT-23-5",189.800000,-71.750000,270.000000,top
"IC8","AD8276","MSOP-8_3x3mm_P0.65mm",180.900000,-80.950000,0.000000,top
"IC9","OPA376xxDBVR","SOT-23-5",189.800000,-81.750000,270.000000,top
"IC10","AD8276","MSOP-8_3x3mm_P0.65mm",180.900000,-90.950000,0.000000,top
"IC11","OPA376xxDBVR","SOT-23-5",189.800000,-91.750000,270.000000,top
"IC12","AD8276","MSOP-8_3x3mm_P0.65mm",180.900000,-100.950000,0.000000,top
"IC13","OPA376xxDBVR","SOT-23-5",189.800000,-101.750000,270.000000,top
"IC14","AD8276","MSOP-8_3x3mm_P0.65mm",180.900000,-110.950000,0.000000,top
"IC15","OPA376xxDBVR","SOT-23-5",189.800000,-111.750000,270.000000,top
"IC16","AD8276","MSOP-8_3x3mm_P0.65mm",180.900000,-120.950000,0.000000,top
"IC17","OPA376xxDBVR","SOT-23-5",189.800000,-121.750000,270.000000,top
"IC18","AD5675RBRUZ","TSSOP-20_4.4x6.5mm_P0.65mm",148.600000,-76.100000,270.000000,top
"IC19","ISO1541DR","SOIC-8_3.9x4.9mm_P1.27mm",149.000000,-57.100000,270.000000,top
"J2","Conn_01x04_i2c","JST_SH_BM04B-SRSS-TB_1x04-1MP_P1.00mm_Vertical",143.000000,-67.000000,90.000000,top
"L1","MMZ2012Y152B ","L_0805_2012Metric_Pad1.15x1.40mm_HandSolder",201.900000,-47.750000,0.000000,top
"L2","MMZ2012Y152B ","L_0805_2012Metric_Pad1.15x1.40mm_HandSolder",198.900000,-53.550000,0.000000,top
"L3","MMZ2012Y152B ","L_0805_2012Metric_Pad1.15x1.40mm_HandSolder",201.900000,-57.750000,0.000000,top
"L4","MMZ2012Y152B ","L_0805_2012Metric_Pad1.15x1.40mm_HandSolder",198.900000,-63.550000,0.000000,top
"L5","MMZ2012Y152B ","L_0805_2012Metric_Pad1.15x1.40mm_HandSolder",201.900000,-67.750000,0.000000,top
"L6","MMZ2012Y152B ","L_0805_2012Metric_Pad1.15x1.40mm_HandSolder",198.900000,-73.550000,0.000000,top
"L7","MMZ2012Y152B ","L_0805_2012Metric_Pad1.15x1.40mm_HandSolder",201.900000,-77.750000,0.000000,top
"L8","MMZ2012Y152B ","L_0805_2012Metric_Pad1.15x1.40mm_HandSolder",198.900000,-83.550000,0.000000,top
"L9","MMZ2012Y152B ","L_0805_2012Metric_Pad1.15x1.40mm_HandSolder",201.900000,-87.750000,0.000000,top
"L10","MMZ2012Y152B ","L_0805_2012Metric_Pad1.15x1.40mm_HandSolder",198.900000,-93.550000,0.000000,top
"L11","MMZ2012Y152B ","L_0805_2012Metric_Pad1.15x1.40mm_HandSolder",201.900000,-97.750000,0.000000,top
"L12","MMZ2012Y152B ","L_0805_2012Metric_Pad1.15x1.40mm_HandSolder",198.900000,-103.550000,0.000000,top
"L13","MMZ2012Y152B ","L_0805_2012Metric_Pad1.15x1.40mm_HandSolder",201.900000,-107.750000,0.000000,top
"L14","MMZ2012Y152B ","L_0805_2012Metric_Pad1.15x1.40mm_HandSolder",198.900000,-113.550000,0.000000,top
"L15","MMZ2012Y152B ","L_0805_2012Metric_Pad1.15x1.40mm_HandSolder",201.900000,-117.750000,0.000000,top
"L16","MMZ2012Y152B ","L_0805_2012Metric_Pad1.15x1.40mm_HandSolder",198.900000,-123.550000,0.000000,top
"Q1","MMDT3946-7-F","SOT-363_SC-70-6",203.200000,-51.100000,0.000000,top
"Q2","MMDT3946-7-F","SOT-363_SC-70-6",203.200000,-61.100000,0.000000,top
"Q3","MMDT3946-7-F","SOT-363_SC-70-6",203.200000,-71.100000,0.000000,top
"Q4","MMDT3946-7-F","SOT-363_SC-70-6",203.200000,-81.100000,0.000000,top
"Q5","MMDT3946-7-F","SOT-363_SC-70-6",203.200000,-91.100000,0.000000,top
"Q6","MMDT3946-7-F","SOT-363_SC-70-6",203.200000,-101.100000,0.000000,top
"Q7","MMDT3946-7-F","SOT-363_SC-70-6",203.200000,-111.100000,0.000000,top
"Q8","MMDT3946-7-F","SOT-363_SC-70-6",203.200000,-121.100000,0.000000,top
"Q9","2N7002","SOT-23",143.050000,-105.400000,90.000000,top
"R1","2","R_0603_1608Metric_Pad1.05x0.95mm_HandSolder",148.100000,-48.200000,180.000000,top
"R2","2","R_0603_1608Metric_Pad1.05x0.95mm_HandSolder",152.000000,-121.200000,270.000000,top
"R3","1k","R_0603_1608Metric_Pad1.05x0.95mm_HandSolder",203.200000,-53.450000,0.000000,top
"R4","10 0.1%","R_0805_2012Metric",206.800000,-50.800000,90.000000,top
"R6","1k","R_0603_1608Metric_Pad1.05x0.95mm_HandSolder",203.200000,-63.450000,0.000000,top
"R7","10 0.1%","R_0805_2012Metric",206.800000,-60.800000,90.000000,top
"R8","10K","R_0603_1608Metric_Pad1.05x0.95mm_HandSolder",149.800000,-105.600000,0.000000,top
"R9","1k","R_0603_1608Metric_Pad1.05x0.95mm_HandSolder",203.200000,-73.450000,0.000000,top
"R10","10 0.1%","R_0805_2012Metric",206.800000,-70.800000,90.000000,top
"R11","10K","R_0603_1608Metric_Pad1.05x0.95mm_HandSolder",149.800000,-107.200000,0.000000,top
"R12","20K","R_0603_1608Metric_Pad1.05x0.95mm_HandSolder",162.200000,-53.300000,0.000000,top
"R13","35.7K","R_0603_1608Metric_Pad1.05x0.95mm_HandSolder",166.000000,-53.300000,0.000000,top
"R14","1K 0.1%","R_0603_1608Metric_Pad1.05x0.95mm_HandSolder",142.200000,-89.700000,90.000000,top
"R15","1K 0.1%","R_0603_1608Metric_Pad1.05x0.95mm_HandSolder",144.700000,-92.200000,180.000000,top
"R16","1k","R_0603_1608Metric_Pad1.05x0.95mm_HandSolder",203.200000,-83.450000,0.000000,top
"R17","10 0.1%","R_0805_2012Metric",206.800000,-80.800000,90.000000,top
"R18","100","R_0603_1608Metric_Pad1.05x0.95mm_HandSolder",143.000000,-108.200000,0.000000,top
"R19","1k","R_0603_1608Metric_Pad1.05x0.95mm_HandSolder",203.200000,-93.450000,0.000000,top
"R20","10 0.1%","R_0805_2012Metric",206.800000,-90.800000,90.000000,top
"R22","1k","R_0603_1608Metric_Pad1.05x0.95mm_HandSolder",203.200000,-103.450000,0.000000,top
"R23","10 0.1%","R_0805_2012Metric",206.800000,-100.800000,90.000000,top
"R25","1k","R_0603_1608Metric_Pad1.05x0.95mm_HandSolder",203.200000,-113.450000,0.000000,top
"R26","10 0.1%","R_0805_2012Metric",206.800000,-110.800000,90.000000,top
"R28","1k","R_0603_1608Metric_Pad1.05x0.95mm_HandSolder",203.200000,-123.450000,0.000000,top
"R29","10 0.1%","R_0805_2012Metric",206.800000,-120.800000,90.000000,top
"R31","10K","R_0603_1608Metric_Pad1.05x0.95mm_HandSolder",149.300000,-66.200000,180.000000,top
"R32","10K","R_0603_1608Metric_Pad1.05x0.95mm_HandSolder",149.300000,-64.400000,180.000000,top
"R33","20K","R_0603_1608Metric_Pad1.05x0.95mm_HandSolder",162.200000,-63.300000,0.000000,top
"R34","35.7K","R_0603_1608Metric_Pad1.05x0.95mm_HandSolder",166.000000,-63.300000,0.000000,top
"R35","20K","R_0603_1608Metric_Pad1.05x0.95mm_HandSolder",162.200000,-73.300000,0.000000,top
"R36","35.7K","R_0603_1608Metric_Pad1.05x0.95mm_HandSolder",166.000000,-73.300000,0.000000,top
"R37","20K","R_0603_1608Metric_Pad1.05x0.95mm_HandSolder",162.200000,-83.300000,0.000000,top
"R38","35.7K","R_0603_1608Metric_Pad1.05x0.95mm_HandSolder",166.000000,-83.300000,0.000000,top
"R39","20K","R_0603_1608Metric_Pad1.05x0.95mm_HandSolder",162.200000,-93.300000,0.000000,top
"R40","35.7K","R_0603_1608Metric_Pad1.05x0.95mm_HandSolder",166.000000,-93.300000,0.000000,top
"R41","20K","R_0603_1608Metric_Pad1.05x0.95mm_HandSolder",162.200000,-103.300000,0.000000,top
"R42","35.7K","R_0603_1608Metric_Pad1.05x0.95mm_HandSolder",166.000000,-103.300000,0.000000,top
"R43","20K","R_0603_1608Metric_Pad1.05x0.95mm_HandSolder",162.200000,-113.300000,0.000000,top
"R44","35.7K","R_0603_1608Metric_Pad1.05x0.95mm_HandSolder",166.000000,-113.300000,0.000000,top
"R45","20K","R_0603_1608Metric_Pad1.05x0.95mm_HandSolder",162.200000,-123.300000,0.000000,top
"R46","35.7K","R_0603_1608Metric_Pad1.05x0.95mm_HandSolder",166.000000,-123.300000,0.000000,top
"U1","LP5907MFX-3.3","SOT-23-5",173.800000,-50.700000,90.000000,top
"U2","TPS7A3001","MSOP-8-1EP_3x3mm_P0.65mm_EP1.68x1.88mm",164.600000,-48.750000,180.000000,top
"U3","LP5907MFX-3.3","SOT-23-5",173.800000,-60.700000,90.000000,top
"U4","TPS7A3001","MSOP-8-1EP_3x3mm_P0.65mm_EP1.68x1.88mm",164.600000,-58.750000,180.000000,top
"U5","LP5907MFX-3.3","SOT-23-5",173.800000,-70.700000,90.000000,top
"U6","TPS7A3001","MSOP-8-1EP_3x3mm_P0.65mm_EP1.68x1.88mm",164.600000,-68.750000,180.000000,top
"U7","LP5907MFX-3.3","SOT-23-5",173.800000,-80.700000,90.000000,top
"U8","TPS7A3001","MSOP-8-1EP_3x3mm_P0.65mm_EP1.68x1.88mm",164.600000,-78.750000,180.000000,top
"U9","LP5907MFX-3.3","SOT-23-5",173.800000,-90.700000,90.000000,top
"U10","TPS7A3001","MSOP-8-1EP_3x3mm_P0.65mm_EP1.68x1.88mm",164.600000,-88.750000,180.000000,top
"U11","LP5907MFX-3.3","SOT-23-5",173.800000,-100.700000,90.000000,top
"U12","TPS7A3001","MSOP-8-1EP_3x3mm_P0.65mm_EP1.68x1.88mm",164.600000,-98.750000,180.000000,top
"U13","LP5907MFX-3.3","SOT-23-5",173.800000,-110.700000,90.000000,top
"U14","TPS7A3001","MSOP-8-1EP_3x3mm_P0.65mm_EP1.68x1.88mm",164.600000,-108.750000,180.000000,top
"U15","LP5907MFX-3.3","SOT-23-5",173.800000,-120.700000,90.000000,top
"U16","TPS7A3001","MSOP-8-1EP_3x3mm_P0.65mm_EP1.68x1.88mm",164.600000,-118.750000,180.000000,top
"U17","LP5907MFX-3.3","SOT-23-5",147.950000,-114.020000,0.000000,top
"U18","ADuM1201AR","SOIC-8_3.9x4.9mm_P1.27mm",149.000000,-99.000000,270.000000,top
